State Code,Nonurban Area,Wage Index
01,Alabama ,0.6367
02,Alaska ,1.1274
03,Arizona ,0.8539
04,Arkansas ,0.7296
05,California ,1.2775
06,Colorado ,1.0501
07,Connecticut ,0.9140
08,Delaware,1.0095
10,Florida ,0.8363
11,Georgia ,0.7364
12,Hawaii ,1.1312
13,Idaho ,0.6742
14,Illinois ,0.8743
15,Indiana ,0.8565
16,Iowa ,0.7814
17,Kansas ,0.8135
18,Kentucky ,0.8165
19,Louisiana ,0.6946
20,Maine ,0.8039
21,Maryland ,0.8788
22,Massachusetts,1.1102
23,Michigan ,0.8232
24,Minnesota ,0.9037
25,Mississippi ,0.7124
26,Missouri ,0.8016
27,Montana ,1.1433
28,Nebraska ,0.8864
29,Nevada ,1.1108
30,New Hampshire ,1.0138
31,New Jersey1,-----
32,New Mexico ,0.9194
33,New York ,0.8892
34,North Carolina ,0.8122
35,North Dakota ,0.8128
36,Ohio ,0.8032
37,Oklahoma ,0.8035
38,Oregon ,1.0209
39,Pennsylvania ,0.8507
40,Puerto Rico1,0.2443
41,Rhode Island1,-----
42,South Carolina ,0.8184
43,South Dakota ,0.8177
44,Tennessee ,0.7239
45,Texas ,0.8400
46,Utah ,0.8969
47,Vermont ,0.8848
48,Virgin Islands ,0.5008
49,Virginia ,0.8339
50,Washington ,0.9712
51,West Virginia ,0.7156
52,Wisconsin ,0.8513
53,Wyoming ,0.9845
65,Guam ,0.9611
,,
1 All counties within the State are classified as urban.,,
,,
,,
,,
,,
,,
,,
