,NOTES
Table A&B,"All wage index values are not capped.  The 5% cap is applied at the provider-level.  Thus, the actual wage index for an individual provider may be higher for FY 2026, as determined by the 5% limit on decreases for any provider from its final FY 2025 wage index value."
Table A,"2At this time, there are no hospitals located in this urban area on which to base a wage index. "
Table B,1 All counties within the State are classified as urban.
,Rural areas without wage data have been removed -  NJ and RI
