CBSA Code,Urban Area,Constituent Counties,Wage Index 1
10180,"Abilene, TX","CALLAHAN, TX",0.9225
,,"JONES, TX",
,,"TAYLOR, TX",
,,,
10380,"Aguadilla, PR","AGUADA, PR",0.2840
,,"AGUADILLA, PR",
,,"ANASCO, PR",
,,"ISABELA, PR",
,,"MOCA, PR",
,,"RINCON, PR",
,,"SAN SEBASTIAN, PR",
,,,
10420,"Akron, OH","PORTAGE, OH",0.8254
,,"SUMMIT, OH",
,,,
10500,"Albany, GA","DOUGHERTY, GA",0.7821
,,"LEE, GA",
,,"TERRELL, GA",
,,"WORTH, GA",
,,,
10540,"Albany, OR","LINN, OR",1.0449
,,,
10580,"Albany-Schenectady-Troy, NY","ALBANY, NY",0.8551
,,"RENSSELAER, NY",
,,"SARATOGA, NY",
,,"SCHENECTADY, NY",
,,"SCHOHARIE, NY",
,,,
10740,"Albuquerque, NM","BERNALILLO, NM",0.9306
,,"SANDOVAL, NM",
,,"TORRANCE, NM",
,,"VALENCIA, NM",
,,,
10780,"Alexandria, LA","GRANT, LA",0.8816
,,"RAPIDES, LA",
,,,
10900,"Allentown-Bethlehem-Easton, PA-NJ","WARREN, NJ",0.9978
,,"CARBON, PA",
,,"LEHIGH, PA",
,,"NORTHAMPTON, PA",
,,,
11020,"Altoona, PA","BLAIR, PA",0.8641
,,,
11100,"Amarillo, TX","ARMSTRONG, TX",0.8434
,,"CARSON, TX",
,,"OLDHAM, TX",
,,"POTTER, TX",
,,"RANDALL, TX",
,,,
11180,"Ames, IA","BOONE, IA",0.8665
,,"STORY, IA",
,,,
11200,"Amherst Town-Northampton, MA","HAMPSHIRE, MA",0.9814
,,,
11244,"Anaheim-Santa Ana-Irvine, CA","ORANGE, CA",1.2445
,,,
11260,"Anchorage, AK","ANCHORAGE, AK",1.1328
,,"MATANUSKA-SUSITNA, AK",
,,,
11460,"Ann Arbor, MI","WASHTENAW, MI",0.9869
,,,
11500,"Anniston-Oxford, AL","CALHOUN, AL",0.6958
,,,
11540,"Appleton, WI","CALUMET, WI",0.9498
,,"OUTAGAMIE, WI",
,,,
11640,"Arecibo, PR","ARECIBO, PR",0.3134
,,"CAMUY, PR",
,,"HATILLO, PR",
,,"QUEBRADILLAS, PR",
,,,
11694,"Arlington-Alexandria-Reston, VA-WV","ARLINGTON, VA",1.0449
,,"CLARKE, VA",
,,"CULPEPER, VA",
,,"FAIRFAX, VA",
,,"FAUQUIER, VA",
,,"LOUDOUN, VA",
,,"PRINCE WILLIAM, VA",
,,"RAPPAHANNOCK, VA",
,,"SPOTSYLVANIA, VA",
,,"STAFFORD, VA",
,,"WARREN, VA",
,,"ALEXANDRIA CITY, VA",
,,"FAIRFAX CITY, VA",
,,"FALLS CHURCH CITY, VA",
,,"FREDERICKSBURG CITY, VA",
,,"MANASSAS CITY, VA",
,,"MANASSAS PARK CITY, VA",
,,"JEFFERSON, WV",
,,,
11700,"Asheville, NC","BUNCOMBE, NC",0.8847
,,"HENDERSON, NC",
,,"MADISON, NC",
,,,
12020,"Athens-Clarke County, GA","CLARKE, GA",0.8652
,,"MADISON, GA",
,,"OCONEE, GA",
,,"OGLETHORPE, GA",
,,,
12054,"Atlanta-Sandy Springs-Roswell, GA","BARROW, GA",0.9986
,,"BUTTS, GA",
,,"CARROLL, GA",
,,"CLAYTON, GA",
,,"COWETA, GA",
,,"DAWSON, GA",
,,"DE KALB, GA",
,,"DOUGLAS, GA",
,,"FAYETTE, GA",
,,"FORSYTH, GA",
,,"FULTON, GA",
,,"GWINNETT, GA",
,,"HEARD, GA",
,,"HENRY, GA",
,,"JASPER, GA",
,,"LUMPKIN, GA",
,,"MERIWETHER, GA",
,,"MORGAN, GA",
,,"NEWTON, GA",
,,"PICKENS, GA",
,,"PIKE, GA",
,,"ROCKDALE, GA",
,,"SPALDING, GA",
,,"WALTON, GA",
,,,
12100,"Atlantic City-Hammonton, NJ","ATLANTIC, NJ",0.9869
,,"CAPE MAY, NJ",
,,,
12220,"Auburn-Opelika, AL","LEE, AL",0.6797
,,"MACON, AL",
,,,
12260,"Augusta-Richmond County, GA-SC","BURKE, GA",0.7916
,,"COLUMBIA, GA",
,,"LINCOLN, GA",
,,"MC DUFFIE, GA",
,,"RICHMOND, GA",
,,"AIKEN, SC",
,,"EDGEFIELD, SC",
,,,
12420,"Austin-Round Rock-San Marcos, TX","BASTROP, TX",0.9660
,,"CALDWELL, TX",
,,"HAYS, TX",
,,"TRAVIS, TX",
,,"WILLIAMSON, TX",
,,,
12540,"Bakersfield-Delano, CA","KERN, CA",1.1840
,,,
12580,"Baltimore-Columbia-Towson, MD","ANNE ARUNDEL, MD",0.9508
,,"BALTIMORE, MD",
,,"CARROLL, MD",
,,"HARFORD, MD",
,,"HOWARD, MD",
,,"QUEEN ANNES, MD",
,,"BALTIMORE CITY, MD",
,,,
12620,"Bangor, ME","PENOBSCOT, ME",0.9102
,,,
12700,"Barnstable Town, MA","BARNSTABLE, MA",1.2554
,,,
12940,"Baton Rouge, LA","ASCENSION, LA",0.8046
,,"ASSUMPTION, LA",
,,"E. BATON ROUGE, LA",
,,"EAST FELICIANA, LA",
,,"IBERVILLE, LA",
,,"LIVINGSTON, LA",
,,"POINTE COUPEE, LA",
,,"ST. HELENA, LA",
,,"W. BATON ROUGE, LA",
,,"WEST FELICIANA, LA",
,,,
12980,"Battle Creek, MI","CALHOUN, MI",0.8879
,,,
13020,"Bay City, MI","BAY, MI",0.8667
,,,
13140,"Beaumont-Port Arthur, TX","HARDIN, TX",0.8793
,,"JEFFERSON, TX",
,,"ORANGE, TX",
,,,
13220,"Beckley, WV","FAYETTE, WV",0.8311
,,"RALEIGH, WV",
,,,
13380,"Bellingham, WA","WHATCOM, WA",1.1930
,,,
13460,"Bend, OR","CROOK, OR",1.1925
,,"DESCHUTES, OR",
,,"JEFFERSON, OR",
,,,
13740,"Billings, MT","CARBON, MT",0.8974
,,"STILLWATER, MT",
,,"YELLOWSTONE, MT",
,,,
13780,"Binghamton, NY","BROOME, NY",0.8313
,,"TIOGA, NY",
,,,
13820,"Birmingham, AL","BIBB, AL",0.8596
,,"BLOUNT, AL",
,,"CHILTON, AL",
,,"JEFFERSON, AL",
,,"ST. CLAIR, AL",
,,"SHELBY, AL",
,,"WALKER, AL",
,,,
13900,"Bismarck, ND","BURLEIGH, ND",0.8919
,,"MORTON, ND",
,,"OLIVER, ND",
,,,
13980,"Blacksburg-Christiansburg-Radford, VA","FLOYD, VA",0.8488
,,"GILES, VA",
,,"MONTGOMERY, VA",
,,"PULASKI, VA",
,,"RADFORD CITY, VA",
,,,
14010,"Bloomington, IL","MC LEAN, IL",0.8945
,,,
14020,"Bloomington, IN","MONROE, IN",0.9943
,,"OWEN, IN",
,,,
14260,"Boise City, ID","ADA, ID",0.9689
,,"BOISE, ID",
,,"CANYON, ID",
,,"GEM, ID",
,,"OWYHEE, ID",
,,,
14454,"Boston, MA","NORFOLK, MA",1.1519
,,"PLYMOUTH, MA",
,,"SUFFOLK, MA",
,,,
14500,"Boulder, CO","BOULDER, CO",1.1215
,,,
14540,"Bowling Green, KY","ALLEN, KY",0.8657
,,"BUTLER, KY",
,,"EDMONSON, KY",
,,"WARREN, KY",
,,,
14580,"Bozeman, MT","GALLATIN, MT",0.9655
,,,
14740,"Bremerton-Silverdale-Port Orchard, WA","KITSAP, WA",1.2343
,,,
14860,"Bridgeport-Stamford-Danbury, CT","GREATER BRIDGEPORT, CT",1.1504
,,"WESTERN CONNECTICUT, CT",
,,,
15180,"Brownsville-Harlingen, TX","CAMERON, TX",0.7845
,,,
15260,"Brunswick-St. Simons, GA","BRANTLEY, GA",0.8816
,,"GLYNN, GA",
,,"MC INTOSH, GA",
,,,
15380,"Buffalo-Cheektowaga, NY","ERIE, NY",1.0646
,,"NIAGARA, NY",
,,,
15500,"Burlington, NC","ALAMANCE, NC",0.8719
,,,
15540,"Burlington-South Burlington, VT","CHITTENDEN, VT",0.9839
,,"FRANKLIN, VT",
,,"GRAND ISLE, VT",
,,,
15764,"Cambridge-Newton-Framingham, MA","ESSEX, MA",1.0673
,,"MIDDLESEX, MA",
,,,
15804,"Camden, NJ","BURLINGTON, NJ",1.0925
,,"CAMDEN, NJ",
,,"GLOUCESTER, NJ",
,,,
15940,"Canton-Massillon, OH","CARROLL, OH",0.8021
,,"STARK, OH",
,,,
15980,"Cape Coral-Fort Myers, FL","LEE, FL",0.9189
,,,
16020,"Cape Girardeau, MO-IL","ALEXANDER, IL",0.7794
,,"BOLLINGER, MO",
,,"CAPE GIRARDEAU, MO",
,,,
16180,"Carson City, NV","CARSON CITY, NV",0.9567
,,,
16220,"Casper, WY","NATRONA, WY",0.9470
,,,
16300,"Cedar Rapids, IA","BENTON, IA",0.8695
,,"JONES, IA",
,,"LINN, IA",
,,,
16540,"Chambersburg, PA","FRANKLIN, PA",0.9760
,,,
16580,"Champaign-Urbana, IL","CHAMPAIGN, IL",0.8719
,,"FORD, IL",
,,"PIATT, IL",
,,,
16620,"Charleston, WV","BOONE, WV",0.7576
,,"CLAY, WV",
,,"KANAWHA, WV",
,,,
16700,"Charleston-North Charleston, SC","BERKELEY, SC",0.8747
,,"CHARLESTON, SC",
,,"DORCHESTER, SC",
,,,
16740,"Charlotte-Concord-Gastonia, NC-SC","ANSON, NC",0.9404
,,"CABARRUS, NC",
,,"GASTON, NC",
,,"IREDELL, NC",
,,"LINCOLN, NC",
,,"MECKLENBURG, NC",
,,"ROWAN, NC",
,,"UNION, NC",
,,"CHESTER, SC",
,,"LANCASTER, SC",
,,"YORK, SC",
,,,
16820,"Charlottesville, VA","ALBEMARLE, VA",0.9610
,,"FLUVANNA, VA",
,,"GREENE, VA",
,,"NELSON, VA",
,,"CHARLOTTESVILLE CITY, VA",
,,,
16860,"Chattanooga, TN-GA","CATOOSA, GA",0.8531
,,"DADE, GA",
,,"WALKER, GA",
,,"HAMILTON, TN",
,,"MARION, TN",
,,"SEQUATCHIE, TN",
,,,
16940,"Cheyenne, WY","LARAMIE, WY",0.9504
,,,
16984,"Chicago-Naperville-Schaumburg, IL","COOK, IL",1.0228
,,"DU PAGE, IL",
,,"GRUNDY, IL",
,,"MC HENRY, IL",
,,"WILL, IL",
,,,
17020,"Chico, CA","BUTTE, CA",1.0202
,,,
17140,"Cincinnati, OH-KY-IN","DEARBORN, IN",0.9523
,,"FRANKLIN, IN",
,,"OHIO, IN",
,,"BOONE, KY",
,,"BRACKEN, KY",
,,"CAMPBELL, KY",
,,"GALLATIN, KY",
,,"GRANT, KY",
,,"KENTON, KY",
,,"PENDLETON, KY",
,,"BROWN, OH",
,,"BUTLER, OH",
,,"CLERMONT, OH",
,,"HAMILTON, OH",
,,"WARREN, OH",
,,,
17300,"Clarksville, TN-KY","CHRISTIAN, KY",0.8317
,,"TRIGG, KY",
,,"MONTGOMERY, TN",
,,"STEWART, TN",
,,,
17410,"Cleveland, OH","ASHTABULA, OH",0.8776
,,"CUYAHOGA, OH",
,,"GEAUGA, OH",
,,"LAKE, OH",
,,"LORAIN, OH",
,,"MEDINA, OH",
,,,
17420,"Cleveland, TN","BRADLEY, TN",0.7676
,,"POLK, TN",
,,,
17660,"Coeur d'Alene, ID","KOOTENAI, ID",0.9905
,,,
17780,"College Station-Bryan, TX","BRAZOS, TX",0.8726
,,"BURLESON, TX",
,,"ROBERTSON, TX",
,,,
17820,"Colorado Springs, CO","EL PASO, CO",0.9568
,,"TELLER, CO",
,,,
17860,"Columbia, MO","BOONE, MO",0.8548
,,"COOPER, MO",
,,"HOWARD, MO",
,,,
17900,"Columbia, SC","CALHOUN, SC",0.9208
,,"FAIRFIELD, SC",
,,"KERSHAW, SC",
,,"LEXINGTON, SC",
,,"RICHLAND, SC",
,,"SALUDA, SC",
,,,
17980,"Columbus, GA-AL","RUSSELL, AL",0.7471
,,"CHATTAHOOCHEE, GA",
,,"HARRIS, GA",
,,"MARION, GA",
,,"MUSCOGEE, GA",
,,"STEWART, GA",
,,"TALBOT, GA",
,,,
18020,"Columbus, IN","BARTHOLOMEW, IN",1.1271
,,,
18140,"Columbus, OH","DELAWARE, OH",0.9358
,,"FAIRFIELD, OH",
,,"FRANKLIN, OH",
,,"HOCKING, OH",
,,"LICKING, OH",
,,"MADISON, OH",
,,"MORROW, OH",
,,"PERRY, OH",
,,"PICKAWAY, OH",
,,"UNION, OH",
,,,
18580,"Corpus Christi, TX","ARANSAS, TX",0.9192
,,"NUECES, TX",
,,"SAN PATRICIO, TX",
,,,
18700,"Corvallis, OR","BENTON, OR",1.0963
,,,
18880,"Crestview-Fort Walton Beach-Destin, FL","OKALOOSA, FL",0.8646
,,"WALTON, FL",
,,,
19124,"Dallas-Plano-Irving, TX","COLLIN, TX",0.9639
,,"DALLAS, TX",
,,"DENTON, TX",
,,"ELLIS, TX",
,,"HUNT, TX",
,,"KAUFMAN, TX",
,,"ROCKWALL, TX",
,,,
19140,"Dalton, GA","MURRAY, GA",0.8885
,,"WHITFIELD, GA",
,,,
19300,"Daphne-Fairhope-Foley, AL","BALDWIN, AL",0.8087
,,,
19340,"Davenport-Moline-Rock Island, IA-IL","HENRY, IL",0.7828
,,"MERCER, IL",
,,"ROCK ISLAND, IL",
,,"SCOTT, IA",
,,,
19430,"Dayton-Kettering-Beavercreek, OH","GREENE, OH",0.9646
,,"MIAMI, OH",
,,"MONTGOMERY, OH",
,,,
19460,"Decatur, AL","LAWRENCE, AL",0.7153
,,"MORGAN, AL",
,,,
19500,"Decatur, IL","MACON, IL",0.7925
,,,
19660,"Deltona-Daytona Beach-Ormond Beach, FL","FLAGLER, FL",0.8772
,,"VOLUSIA, FL",
,,,
19740,"Denver-Aurora-Centennial, CO","ADAMS, CO",1.0079
,,"ARAPAHOE, CO",
,,"BROOMFIELD, CO",
,,"CLEAR CREEK, CO",
,,"DENVER, CO",
,,"DOUGLAS, CO",
,,"ELBERT, CO",
,,"GILPIN, CO",
,,"JEFFERSON, CO",
,,"PARK, CO",
,,,
19780,"Des Moines-West Des Moines, IA","DALLAS, IA",0.9156
,,"GUTHRIE, IA",
,,"JASPER, IA",
,,"MADISON, IA",
,,"POLK, IA",
,,"WARREN, IA",
,,,
19804,"Detroit-Dearborn-Livonia, MI","WAYNE, MI",0.8805
,,,
20020,"Dothan, AL","GENEVA, AL",0.7099
,,"HENRY, AL",
,,"HOUSTON, AL",
,,,
20100,"Dover, DE","KENT, DE",1.1673
,,,
20220,"Dubuque, IA","DUBUQUE, IA",0.8532
,,,
20260,"Duluth, MN-WI","CARLTON, MN",0.9382
,,"ST. LOUIS, MN",
,,"DOUGLAS, WI",
,,,
20500,"Durham-Chapel Hill, NC","CHATHAM, NC",0.9758
,,"DURHAM, NC",
,,"ORANGE, NC",
,,"PERSON, NC",
,,,
20580,"Eagle Pass, TX","MAVERICK, TX",0.8078
,,,
20740,"Eau Claire, WI","CHIPPEWA, WI",0.9891
,,"EAU CLAIRE, WI",
,,,
20940,"El Centro, CA","IMPERIAL, CA",0.7894
,,,
20994,"Elgin, IL","DE KALB, IL",0.9833
,,"KANE, IL",
,,"KENDALL, IL",
,,,
21060,"Elizabethtown, KY","HARDIN, KY",0.8551
,,"LARUE, KY",
,,,
21140,"Elkhart-Goshen, IN","ELKHART, IN",1.0026
,,,
21300,"Elmira, NY","CHEMUNG, NY",0.8462
,,,
21340,"El Paso, TX","EL PASO, TX",0.8310
,,"HUDSPETH, TX",
,,,
21420,"Enid, OK","GARFIELD, OK",0.8425
,,,
21500,"Erie, PA","ERIE, PA",0.8450
,,,
21660,"Eugene-Springfield, OR","LANE, OR",1.1999
,,,
21780,"Evansville, IN","POSEY, IN",0.9727
,,"VANDERBURGH, IN",
,,"WARRICK, IN",
,,,
21794,"Everett, WA","SNOHOMISH, WA",1.1663
,,,
21820,"Fairbanks-College, AK","FAIRBANKS NORTH STAR, AK",0.9800
,,,
22020,"Fargo, ND-MN","CLAY, MN",0.8911
,,"CASS, ND",
,,,
22140,"Farmington, NM","SAN JUAN, NM",0.7989
,,,
22180,"Fayetteville, NC","CUMBERLAND, NC",0.9465
,,"HOKE, NC",
,,,
22220,"Fayetteville-Springdale-Rogers, AR","BENTON, AR",0.8802
,,"MADISON, AR",
,,"WASHINGTON, AR",
,,,
22380,"Flagstaff, AZ","COCONINO, AZ",1.0328
,,,
22420,"Flint, MI","GENESEE, MI",0.9858
,,,
22500,"Florence, SC","DARLINGTON, SC",0.8311
,,"FLORENCE, SC",
,,,
22520,"Florence-Muscle Shoals, AL","COLBERT, AL",0.6816
,,"LAUDERDALE, AL",
,,,
22540,"Fond du Lac, WI","FOND DU LAC, WI",0.8767
,,,
22660,"Fort Collins-Loveland, CO","LARIMER, CO",0.9523
,,,
22744,"Fort Lauderdale-Pompano Beach-Sunrise, FL","BROWARD, FL",0.9693
,,,
22900,"Fort Smith, AR-OK","CRAWFORD, AR",0.9214
,,"SEBASTIAN, AR",
,,"SEQUOYAH, OK",
,,,
23060,"Fort Wayne, IN","ALLEN, IN",1.0326
,,"WELLS, IN",
,,"WHITLEY, IN",
,,,
23104,"Fort Worth-Arlington-Grapevine, TX","JOHNSON, TX",0.9691
,,"PARKER, TX",
,,"TARRANT, TX",
,,"WISE, TX",
,,,
23224,"Frederick-Gaithersburg-Bethesda, MD","FREDERICK, MD",0.9736
,,"MONTGOMERY, MD",
,,,
23420,"Fresno, CA","FRESNO, CA",1.0197
,,"MADERA, CA",
,,,
23460,"Gadsden, AL","ETOWAH, AL",0.7243
,,,
23540,"Gainesville, FL","ALACHUA, FL",0.8622
,,"GILCHRIST, FL",
,,"LEVY, FL",
,,,
23580,"Gainesville, GA","HALL, GA",0.9368
,,,
23900,"Gettysburg, PA","ADAMS, PA",1.0071
,,,
24020,"Glens Falls, NY","WARREN, NY",0.9299
,,"WASHINGTON, NY",
,,,
24140,"Goldsboro, NC","WAYNE, NC",0.9075
,,,
24220,"Grand Forks, ND-MN","POLK, MN",0.6960
,,"GRAND FORKS, ND",
,,,
24260,"Grand Island, NE","HALL, NE",0.9769
,,"HOWARD, NE",
,,"MERRICK, NE",
,,,
24300,"Grand Junction, CO","MESA, CO",1.0630
,,,
24340,"Grand Rapids-Wyoming-Kentwood, MI","BARRY, MI",0.8291
,,"IONIA, MI",
,,"KENT, MI",
,,"MONTCALM, MI",
,,"OTTAWA, MI",
,,,
24420,"Grants Pass, OR","JOSEPHINE, OR",1.2904
,,,
24500,"Great Falls, MT","CASCADE, MT",0.8698
,,,
24540,"Greeley, CO","WELD, CO",0.9548
,,,
24580,"Green Bay, WI","BROWN, WI",0.8930
,,"KEWAUNEE, WI",
,,"OCONTO, WI",
,,,
24660,"Greensboro-High Point, NC","GUILFORD, NC",0.9168
,,"RANDOLPH, NC",
,,"ROCKINGHAM, NC",
,,,
24780,"Greenville, NC","PITT, NC",0.8242
,,,
24860,"Greenville-Anderson-Greer, SC","ANDERSON, SC",0.9137
,,"GREENVILLE, SC",
,,"LAURENS, SC",
,,"PICKENS, SC",
,,,
25020,"Guayama, PR","ARROYO, PR",0.3819
,,"GUAYAMA, PR",
,,"PATILLAS, PR",
,,,
25060,"Gulfport-Biloxi, MS","HANCOCK, MS",0.7667
,,"HARRISON, MS",
,,"JACKSON, MS",
,,"STONE, MS",
,,,
25180,"Hagerstown-Martinsburg, MD-WV","WASHINGTON, MD",0.9109
,,"BERKELEY, WV",
,,"MORGAN, WV",
,,,
25220,"Hammond, LA","TANGIPAHOA, LA",0.7346
,,,
25260,"Hanford-Corcoran, CA","KINGS, CA",1.1706
,,,
25420,"Harrisburg-Carlisle, PA","CUMBERLAND, PA",1.0055
,,"DAUPHIN, PA",
,,"PERRY, PA",
,,,
25500,"Harrisonburg, VA","ROCKINGHAM, VA",0.9814
,,"HARRISONBURG CITY, VA",
,,,
25540,"Hartford-West Hartford-East Hartford, CT","CAPITOL, CT",1.0547
,,LOWER CONNECTICUT RIVER VALLEY,
,,,
25620,"Hattiesburg, MS","FORREST, MS",0.6992
,,"LAMAR, MS",
,,"PERRY, MS",
,,,
25740,"Helena, MT","BROADWATER, MT",0.7705
,,"JEFFERSON, MT",
,,"LEWIS AND CLARK, MT",
,,,
25860,"Hickory-Lenoir-Morganton, NC","ALEXANDER, NC",0.8531
,,"BURKE, NC",
,,"CALDWELL, NC",
,,"CATAWBA, NC",
,,,
25940,"Hilton Head Island-Bluffton-Port Royal, SC","BEAUFORT, SC",0.7642
,,"JASPER, SC",
,,,
25980,"Hinesville, GA2","LIBERTY, GA",0.8589
,,"LONG, GA",
,,,
26140,"Homosassa Springs, FL","CITRUS, FL",0.8569
,,,
26300,"Hot Springs, AR","GARLAND, AR",0.8608
,,,
26380,"Houma-Bayou Cane-Thibodaux, LA","LAFOURCHE, LA",0.6960
,,"TERREBONNE, LA",
,,,
26420,"Houston-Pasadena-The Woodlands, TX","AUSTIN, TX",0.9729
,,"BRAZORIA, TX",
,,"CHAMBERS, TX",
,,"FORT BEND, TX",
,,"GALVESTON, TX",
,,"HARRIS, TX",
,,"LIBERTY, TX",
,,"MONTGOMERY, TX",
,,"SAN JACINTO, TX",
,,"WALLER, TX",
,,,
26580,"Huntington-Ashland, WV-KY-OH","BOYD, KY",0.8981
,,"CARTER, KY",
,,"GREENUP, KY",
,,"LAWRENCE, KY",
,,"LAWRENCE, OH",
,,"CABELL, WV",
,,"PUTNAM, WV",
,,"WAYNE, WV",
,,,
26620,"Huntsville, AL","LIMESTONE, AL",0.8106
,,"MADISON, AL",
,,,
26820,"Idaho Falls, ID","BONNEVILLE, ID",0.8009
,,"BUTTE, ID",
,,"JEFFERSON, ID",
,,,
26900,"Indianapolis-Carmel-Greenwood, IN","BOONE, IN",1.0022
,,"BROWN, IN",
,,"HAMILTON, IN",
,,"HANCOCK, IN",
,,"HENDRICKS, IN",
,,"JOHNSON, IN",
,,"MADISON, IN",
,,"MARION, IN",
,,"MORGAN, IN",
,,"SHELBY, IN",
,,"TIPTON, IN",
,,,
26980,"Iowa City, IA","JOHNSON, IA",0.8757
,,"WASHINGTON, IA",
,,,
27060,"Ithaca, NY","TOMPKINS, NY",0.9277
,,,
27100,"Jackson, MI","JACKSON, MI",0.8349
,,,
27140,"Jackson, MS","COPIAH, MS",0.8493
,,"HINDS, MS",
,,"HOLMES, MS",
,,"MADISON, MS",
,,"RANKIN, MS",
,,"SCOTT, MS",
,,"SIMPSON, MS",
,,"YAZOO, MS",
,,,
27180,"Jackson, TN","CHESTER, TN",0.6649
,,"CROCKETT, TN",
,,"GIBSON, TN",
,,"MADISON, TN",
,,,
27260,"Jacksonville, FL","BAKER, FL",0.8753
,,"CLAY, FL",
,,"DUVAL, FL",
,,"NASSAU, FL",
,,"ST. JOHNS, FL",
,,,
27340,"Jacksonville, NC","ONSLOW, NC",0.7424
,,,
27500,"Janesville-Beloit, WI","ROCK, WI",0.8802
,,,
27620,"Jefferson City, MO","CALLAWAY, MO",0.8018
,,"COLE, MO",
,,"MONITEAU, MO",
,,"OSAGE, MO",
,,,
27740,"Johnson City, TN","CARTER, TN",0.8080
,,"UNICOI, TN",
,,"WASHINGTON, TN",
,,,
27780,"Johnstown, PA","CAMBRIA, PA",0.7921
,,,
27860,"Jonesboro, AR","CRAIGHEAD, AR",0.8199
,,"POINSETT, AR",
,,,
27900,"Joplin, MO-KS","CHEROKEE, KS",0.7358
,,"JASPER, MO",
,,"NEWTON, MO",
,,,
27980,"Kahului-Wailuku, HI","KALAWAO, HI",1.0169
,,"MAUI, HI",
,,,
28020,"Kalamazoo-Portage, MI","KALAMAZOO, MI",0.8683
,,,
28100,"Kankakee, IL","KANKAKEE, IL",0.8798
,,,
28140,"Kansas City, MO-KS","JOHNSON, KS",0.9054
,,"LEAVENWORTH, KS",
,,"LINN, KS",
,,"MIAMI, KS",
,,"WYANDOTTE, KS",
,,"BATES, MO",
,,"CALDWELL, MO",
,,"CASS, MO",
,,"CLAY, MO",
,,"CLINTON, MO",
,,"JACKSON, MO",
,,"LAFAYETTE, MO",
,,"PLATTE, MO",
,,"RAY, MO",
,,,
28420,"Kennewick-Richland, WA","BENTON, WA",0.9518
,,"FRANKLIN, WA",
,,,
28450,"Kenosha, WI","KENOSHA, WI",0.8672
,,,
28660,"Killeen-Temple, TX","BELL, TX",0.9463
,,"CORYELL, TX",
,,"LAMPASAS, TX",
,,,
28700,"Kingsport-Bristol, TN-VA","HAWKINS, TN",0.8108
,,"SULLIVAN, TN",
,,"SCOTT, VA",
,,"WASHINGTON, VA",
,,"BRISTOL CITY, VA",
,,,
28740,"Kingston, NY","ULSTER, NY",1.0532
,,,
28880,"Kiryas Joel-Poughkeepsie-Newburgh, NY","DUTCHESS, NY",1.1720
,,"ORANGE, NY",
,,,
28940,"Knoxville, TN","ANDERSON, TN",0.7364
,,"BLOUNT, TN",
,,"CAMPBELL, TN",
,,"GRAINGER, TN",
,,"KNOX, TN",
,,"LOUDON, TN",
,,"MORGAN, TN",
,,"ROANE, TN",
,,"UNION, TN",
,,,
29020,"Kokomo, IN","HOWARD, IN",0.9774
,,,
29100,"La Crosse-Onalaska, WI-MN","HOUSTON, MN",0.9746
,,"LA CROSSE, WI",
,,"VERNON, WI",
,,,
29180,"Lafayette, LA","ACADIA, LA",0.8153
,,"LAFAYETTE, LA",
,,"ST. MARTIN, LA",
,,"VERMILION, LA",
,,,
29200,"Lafayette-West Lafayette, IN","BENTON, IN",1.0090
,,"CARROLL, IN",
,,"TIPPECANOE, IN",
,,"WARREN, IN",
,,,
29340,"Lake Charles, LA","CALCASIEU, LA",0.8177
,,"CAMERON, LA",
,,"JEFFRSON DAVIS, LA",
,,,
29404,"Lake County, IL","LAKE, IL",0.9978
,,,
29414,"Lake County-Porter County-Jasper County, IN","JASPER, IN",0.8933
,,"LAKE, IN",
,,"NEWTON, IN",
,,"PORTER, IN",
,,,
29420,"Lake Havasu City-Kingman, AZ","MOHAVE, AZ",0.9044
,,,
29460,"Lakeland-Winter Haven, FL","POLK, FL",0.8715
,,,
29484,"Lakewood-New Brunswick, NJ","MIDDLESEX, NJ",1.1274
,,"MONMOUTH, NJ",
,,"OCEAN, NJ",
,,"SOMERSET, NJ",
,,,
,,,
29540,"Lancaster, PA","LANCASTER, PA",0.8577
,,,
29620,"Lansing-East Lansing, MI","CLINTON, MI",0.9002
,,"EATON, MI",
,,"INGHAM, MI",
,,,
29700,"Laredo, TX","WEBB, TX",0.8111
,,,
29740,"Las Cruces, NM","DONA ANA, NM",0.8548
,,,
29820,"Las Vegas-Henderson-North Las Vegas, NV","CLARK, NV",1.0884
,,,
29940,"Lawrence, KS","DOUGLAS, KS",0.8785
,,,
30020,"Lawton, OK","COMANCHE, OK",0.6880
,,"COTTON, OK",
,,,
30140,"Lebanon, PA","LEBANON, PA",1.0038
,,,
30300,"Lewiston, ID-WA","NEZ PERCE, ID",0.7983
,,"ASOTIN, WA",
,,,
30340,"Lewiston-Auburn, ME","ANDROSCOGGIN, ME",0.8638
,,,
30460,"Lexington-Fayette, KY","BOURBON, KY",0.9449
,,"CLARK, KY",
,,"FAYETTE, KY",
,,"JESSAMINE, KY",
,,"SCOTT, KY",
,,"WOODFORD, KY",
,,,
30500,"Lexington Park, MD","CALVERT, MD",0.9270
,,"ST. MARYS, MD",
,,,
30620,"Lima, OH","ALLEN, OH",0.8954
,,,
30700,"Lincoln, NE","LANCASTER, NE",1.0231
,,"SEWARD, NE",
,,,
30780,"Little Rock-North Little Rock-Conway, AR","FAULKNER, AR",0.8807
,,"GRANT, AR",
,,"LONOKE, AR",
,,"PERRY, AR",
,,"PULASKI, AR",
,,"SALINE, AR",
,,,
30860,"Logan, UT-ID","FRANKLIN, ID",0.9470
,,"CACHE, UT",
,,,
30980,"Longview, TX","GREGG, TX",0.9006
,,"HARRISON, TX",
,,"RUSK, TX",
,,"UPSHUR, TX",
,,,
31020,"Longview-Kelso, WA","COWLITZ, WA",1.1397
,,,
31084,"Los Angeles-Long Beach-Glendale, CA","LOS ANGELES, CA",1.2699
,,,
31140,"Louisville/Jefferson County, KY-IN","CLARK, IN",0.9145
,,"FLOYD, IN",
,,"HARRISON, IN",
,,"WASHINGTON, IN",
,,"BULLITT, KY",
,,"HENRY, KY",
,,"JEFFERSON, KY",
,,"MEADE, KY",
,,"NELSON, KY",
,,"OLDHAM, KY",
,,"SHELBY, KY",
,,"SPENCER, KY",
,,,
31180,"Lubbock, TX","COCHRAN, TX",0.8593
,,"CROSBY, TX",
,,"GARZA, TX",
,,"HOCKLEY, TX",
,,"LUBBOCK, TX",
,,"LYNN, TX",
,,,
31340,"Lynchburg, VA","AMHERST, VA",0.8969
,,"APPOMATTOX, VA",
,,"BEDFORD, VA",
,,"CAMPBELL, VA",
,,"LYNCHBURG CITY, VA",
,,,
31420,"Macon-Bibb County, GA","BIBB, GA",0.8256
,,"CRAWFORD, GA",
,,"JONES, GA",
,,"MONROE, GA",
,,"TWIGGS, GA",
,,,
31540,"Madison, WI","COLUMBIA, WI",0.9437
,,"DANE, WI",
,,"GREEN, WI",
,,"IOWA, WI",
,,,
31700,"Manchester-Nashua, NH","HILLSBOROUGH, NH",0.9831
,,,
31740,"Manhattan, KS","GEARY, KS",0.8194
,,"POTTAWATOMIE, KS",
,,"RILEY, KS",
,,,
31860,"Mankato, MN","BLUE EARTH, MN",1.1112
,,"NICOLLET, MN",
,,,
31900,"Mansfield, OH","RICHLAND, OH",0.9632
,,,
31924,"Marietta, GA","BARTOW, GA",1.0154
,,"CHEROKEE, GA",
,,"COBB, GA",
,,"HARALSON, GA",
,,"PAULDING, GA",
,,,
32420,"Mayag�ez, PR","CABO ROJO, PR",0.3408
,,"HORMIGUEROS, PR",
,,"LAJAS, PR",
,,"MAYAGUEZ, PR",
,,"SABANA GRANDE, PR",
,,"SAN GERMAN, PR",
,,,
32580,"McAllen-Edinburg-Mission, TX","HIDALGO, TX",0.7661
,,,
32780,"Medford, OR","JACKSON, OR",1.2446
,,,
32820,"Memphis, TN-MS-AR","CRITTENDEN, AR",0.8676
,,"BENTON, MS",
,,"DE SOTO, MS",
,,"MARSHALL, MS",
,,"TATE, MS",
,,"TUNICA, MS",
,,"FAYETTE, TN",
,,"SHELBY, TN",
,,"TIPTON, TN",
,,,
32900,"Merced, CA","MERCED, CA",1.2866
,,,
33124,"Miami-Miami Beach-Kendall, FL","MIAMI-DADE, FL",0.9669
,,,
33140,"Michigan City-La Porte, IN","LA PORTE, IN",0.9278
,,,
33220,"Midland, MI","MIDLAND, MI",0.9233
,,,
33260,"Midland, TX","MARTIN, TX",0.9018
,,"MIDLAND, TX",
,,,
33340,"Milwaukee-Waukesha, WI","MILWAUKEE, WI",0.9679
,,"OZAUKEE, WI",
,,"WASHINGTON, WI",
,,"WAUKESHA, WI",
,,,
33460,"Minneapolis-St. Paul-Bloomington, MN-WI","ANOKA, MN",1.0849
,,"CARVER, MN",
,,"CHISAGO, MN",
,,"DAKOTA, MN",
,,"HENNEPIN, MN",
,,"ISANTI, MN",
,,"LE SUEUR, MN",
,,"MILLE LACS, MN",
,,"RAMSEY, MN",
,,"SCOTT, MN",
,,"SHERBURNE, MN",
,,"WASHINGTON, MN",
,,"WRIGHT, MN",
,,"PIERCE, WI",
,,"ST. CROIX, WI",
,,,
33500,"Minot, ND","MCHENRY, ND",0.7721
,,"RENVILLE, ND",
,,"WARD, ND",
,,,
33540,"Missoula, MT","MINERAL, MT",0.9325
,,"MISSOULA, MT",
,,,
33660,"Mobile, AL","MOBILE, AL",0.8153
,,,
33700,"Modesto, CA","STANISLAUS, CA",1.2476
,,,
33740,"Monroe, LA","MOREHOUSE, LA",0.7579
,,"OUACHITA, LA",
,,"RICHLAND, LA",
,,"UNION, LA",
,,,
33780,"Monroe, MI","MONROE, MI",0.9435
,,,
33860,"Montgomery, AL","AUTAUGA, AL",0.7994
,,"ELMORE, AL",
,,"LOWNDES, AL",
,,"MONTGOMERY, AL",
,,,
33874,"Montgomery County-Bucks County-Chester County, PA","BUCKS, PA",0.9618
,,"CHESTER, PA",
,,"MONTGOMERY, PA",
,,,
34060,"Morgantown, WV","MONONGALIA, WV",0.8094
,,"PRESTON, WV",
,,,
34100,"Morristown, TN","HAMBLEN, TN",0.6922
,,"JEFFERSON, TN",
,,,
34580,"Mount Vernon-Anacortes, WA","SKAGIT, WA",0.9453
,,,
34620,"Muncie, IN","DELAWARE, IN",0.9820
,,,
34740,"Muskegon-Norton Shores, MI","MUSKEGON, MI",0.8612
,,,
34820,"Myrtle Beach-Conway-North Myrtle Beach, SC","HORRY, SC",0.8008
,,,
34900,"Napa, CA","NAPA, CA",1.4679
,,,
34940,"Naples-Marco Island, FL","COLLIER, FL",0.9223
,,,
34980,"Nashville-Davidson--Murfreesboro--Franklin, TN","CANNON, TN",0.9080
,,"CHEATHAM, TN",
,,"DAVIDSON, TN",
,,"DICKSON, TN",
,,"HICKMAN, TN",
,,"MACON, TN",
,,"MAURY, TN",
,,"ROBERTSON, TN",
,,"RUTHERFORD, TN",
,,"SMITH, TN",
,,"SUMNER, TN",
,,"TROUSDALE, TN",
,,"WILLIAMSON, TN",
,,"WILSON, TN",
,,,
35004,"Nassau County-Suffolk County, NY","NASSAU, NY",1.2365
,,"SUFFOLK, NY",
,,,
35084,"Newark, NJ","ESSEX, NJ",1.1000
,,"HUNTERDON, NJ",
,,"MORRIS, NJ",
,,"SUSSEX, NJ",
,,"UNION, NJ",
,,,
35300,"New Haven, CT","SOUTH CENTRAL CONNECTICUT, CT",1.1148
,,,
35380,"New Orleans-Metairie, LA","JEFFERSON, LA",0.8545
,,"ORLEANS, LA",
,,"PLAQUEMINES, LA",
,,"ST. BERNARD, LA",
,,"ST. CHARLES, LA",
,,"ST. JAMES, LA",
,,"ST. JOHN BAPTIST, LA",
,,,
35614,"New York-Jersey City-White Plains, NY-NJ","BERGEN, NJ",1.2951
,,"HUDSON, NJ",
,,"PASSAIC, NJ",
,,"BRONX, NY",
,,"KINGS, NY",
,,"NEW YORK, NY",
,,"PUTNAM, NY",
,,"QUEENS, NY",
,,"RICHMOND, NY",
,,"ROCKLAND, NY",
,,"WESTCHESTER, NY",
,,,
35660,"Niles, MI","BERRIEN, MI",0.8907
,,,
35840,"North Port-Bradenton-Sarasota, FL","MANATEE, FL",0.9439
,,"SARASOTA, FL",
,,,
35980,"Norwich-New London-Willimantic, CT","SOUTHEASTERN CONNECTICUT, CT",1.0563
,,,
36084,"Oakland-Fremont-Berkeley, CA","ALAMEDA, CA",1.7434
,,"CONTRA COSTA, CA",
,,,
36100,"Ocala, FL","MARION, FL",0.8715
,,,
36220,"Odessa, TX","ECTOR, TX",0.8702
,,,
36260,"Ogden, UT","DAVIS, UT",0.9270
,,"MORGAN, UT",
,,"WEBER, UT",
,,,
36420,"Oklahoma City, OK","CANADIAN, OK",0.8721
,,"CLEVELAND, OK",
,,"GRADY, OK",
,,"LINCOLN, OK",
,,"LOGAN, OK",
,,"MCCLAIN, OK",
,,"OKLAHOMA, OK",
,,,
36500,"Olympia-Lacey-Tumwater, WA","THURSTON, WA",1.1329
,,,
36540,"Omaha, NE-IA","HARRISON, IA",1.0402
,,"MILLS, IA",
,,"POTTAWATTAMIE, IA",
,,"CASS, NE",
,,"DOUGLAS, NE",
,,"SARPY, NE",
,,"SAUNDERS, NE",
,,"WASHINGTON, NE",
,,,
36740,"Orlando-Kissimmee-Sanford, FL","LAKE, FL",0.9674
,,"ORANGE, FL",
,,"OSCEOLA, FL",
,,"SEMINOLE, FL",
,,,
36780,"Oshkosh-Neenah, WI","WINNEBAGO, WI",0.9411
,,,
36980,"Owensboro, KY","DAVIESS, KY",0.9018
,,"MC LEAN, KY",
,,,
37100,"Oxnard-Thousand Oaks-Ventura, CA","VENTURA, CA",1.2548
,,,
37140,"Paducah, KY-IL","MASSAC, IL",0.8638
,,"BALLARD, KY",
,,"CARLISLE, KY",
,,"LIVINGSTON, KY",
,,"MC CRACKEN, KY",
,,,
37340,"Palm Bay-Melbourne-Titusville, FL","BREVARD, FL",0.9484
,,,
37460,"Panama City-Panama City Beach, FL","BAY, FL",0.8332
,,"WASHINGTON, FL",
,,,
37620,"Parkersburg-Vienna, WV","WIRT, WV",0.8027
,,"WOOD, WV",
,,,
37860,"Pensacola-Ferry Pass-Brent, FL","ESCAMBIA, FL",0.8065
,,"SANTA ROSA, FL",
,,,
37900,"Peoria, IL","MARSHALL, IL",0.8900
,,"PEORIA, IL",
,,"STARK, IL",
,,"TAZEWELL, IL",
,,"WOODFORD, IL",
,,,
37964,"Philadelphia, PA","DELAWARE, PA",1.0364
,,"PHILADELPHIA, PA",
,,,
38060,"Phoenix-Mesa-Chandler, AZ","MARICOPA, AZ",1.0117
,,"PINAL, AZ",
,,,
38240,"Pinehurst-Southern Pines, NC","MOORE, NC",0.8222
,,,
38300,"Pittsburgh, PA","ALLEGHENY, PA",0.8463
,,"ARMSTRONG, PA",
,,"BEAVER, PA",
,,"BUTLER, PA",
,,"FAYETTE, PA",
,,"LAWRENCE, PA",
,,"WASHINGTON, PA",
,,"WESTMORELAND, PA",
,,,
38340,"Pittsfield, MA","BERKSHIRE, MA",0.9948
,,,
38540,"Pocatello, ID","BANNOCK, ID",0.8722
,,,
38660,"Ponce, PR","GUAYANILLA, PR",0.3287
,,"JUANA DIAZ, PR",
,,"PENUELAS, PR",
,,"PONCE, PR",
,,"VILLALBA, PR",
,,"YAUCO, PR",
,,,
38860,"Portland-South Portland, ME","CUMBERLAND, ME",0.9983
,,"SAGADAHOC, ME",
,,"YORK, ME",
,,,
38900,"Portland-Vancouver-Hillsboro, OR-WA","CLACKAMAS, OR",1.1783
,,"COLUMBIA, OR",
,,"MULTNOMAH, OR",
,,"WASHINGTON, OR",
,,"YAMHILL, OR",
,,"CLARK, WA",
,,"SKAMANIA, WA",
,,,
38940,"Port St. Lucie, FL","MARTIN, FL",0.9145
,,"ST. LUCIE, FL",
,,,
39150,"Prescott Valley-Prescott, AZ","YAVAPAI, AZ",0.9986
,,,
39300,"Providence-Warwick, RI-MA","BRISTOL, MA",1.0040
,,"BRISTOL, RI",
,,"KENT, RI",
,,"NEWPORT, RI",
,,"PROVIDENCE, RI",
,,"WASHINGTON, RI",
,,,
39340,"Provo-Orem-Lehi, UT","JUAB, UT",0.9617
,,"UTAH, UT",
,,,
39380,"Pueblo, CO","PUEBLO, CO",0.9397
,,,
39460,"Punta Gorda, FL","CHARLOTTE, FL",0.8793
,,,
39540,"Racine-Mount Pleasant, WI","RACINE, WI",0.9708
,,,
39580,"Raleigh-Cary, NC","FRANKLIN, NC",0.9855
,,"JOHNSTON, NC",
,,"WAKE, NC",
,,,
39660,"Rapid City, SD","CUSTER, SD",0.8843
,,"MEADE, SD",
,,"PENNINGTON, SD",
,,,
39740,"Reading, PA","BERKS, PA",1.0205
,,,
39820,"Redding, CA","SHASTA, CA",1.3850
,,,
39900,"Reno, NV","LYON, NV",0.9373
,,"STOREY, NV",
,,"WASHOE, NV",
,,,
40060,"Richmond, VA","AMELIA, VA",0.8995
,,"CHARLES CITY, VA",
,,"CHESTERFIELD, VA",
,,"DINWIDDIE, VA",
,,"GOOCHLAND, VA",
,,"HANOVER, VA",
,,"HENRICO, VA",
,,"KING AND QUEEN, VA",
,,"KING WILLIAM, VA",
,,"NEW KENT, VA",
,,"POWHATAN, VA",
,,"PRINCE GEORGE, VA",
,,"SUSSEX, VA",
,,"COLONIAL HEIGHTS CITY, VA",
,,"HOPEWELL CITY, VA",
,,"PETERSBURG CITY, VA",
,,"RICHMOND CITY, VA",
,,,
40140,"Riverside-San Bernardino-Ontario, CA","RIVERSIDE, CA",1.1740
,,"SAN BERNARDINO, CA",
,,,
40220,"Roanoke, VA","BOTETOURT, VA",0.8569
,,"CRAIG, VA",
,,"FRANKLIN, VA",
,,"ROANOKE, VA",
,,"ROANOKE CITY, VA",
,,"SALEM CITY, VA",
,,,
40340,"Rochester, MN","DODGE, MN",1.1304
,,"FILLMORE, MN",
,,"OLMSTED, MN",
,,"WABASHA, MN",
,,,
40380,"Rochester, NY","LIVINGSTON, NY",0.9499
,,"MONROE, NY",
,,"ONTARIO, NY",
,,"ORLEANS, NY",
,,"WAYNE, NY",
,,,
40420,"Rockford, IL","BOONE, IL",0.9202
,,"WINNEBAGO, IL",
,,,
40484,"Rockingham County-Strafford County, NH","ROCKINGHAM, NH",1.0021
,,"STRAFFORD, NH",
,,,
40580,"Rocky Mount, NC","EDGECOMBE, NC",0.8712
,,"NASH, NC",
,,,
40660,"Rome, GA","FLOYD, GA",1.0373
,,,
40900,"Sacramento-Roseville-Folsom, CA","EL DORADO, CA",1.5630
,,"PLACER, CA",
,,"SACRAMENTO, CA",
,,"YOLO, CA",
,,,
40980,"Saginaw, MI","SAGINAW, MI",0.7933
,,,
41060,"St. Cloud, MN","BENTON, MN",0.9161
,,"STEARNS, MN",
,,,
41100,"St. George, UT","WASHINGTON, UT",0.9998
,,,
41140,"St. Joseph, MO-KS","DONIPHAN, KS",0.8175
,,"ANDREW, MO",
,,"BUCHANAN, MO",
,,"DE KALB, MO",
,,,
41180,"St. Louis, MO-IL","BOND, IL",0.9734
,,"CALHOUN, IL",
,,"CLINTON, IL",
,,"JERSEY, IL",
,,"MACOUPIN, IL",
,,"MADISON, IL",
,,"MONROE, IL",
,,"ST. CLAIR, IL",
,,"FRANKLIN, MO",
,,"JEFFERSON, MO",
,,"LINCOLN, MO",
,,"ST. CHARLES, MO",
,,"ST. LOUIS, MO",
,,"WARREN, MO",
,,"ST. LOUIS CITY, MO",
,,,
41304,"St. Petersburg-Clearwater-Largo, FL","PINELLAS, FL",0.8805
,,,
41420,"Salem, OR","MARION, OR",1.1119
,,"POLK, OR",
,,,
41500,"Salinas, CA","MONTEREY, CA",1.7074
,,,
41540,"Salisbury, MD","SOMERSET, MD",0.8292
,,"WICOMICO, MD",
,,,
41620,"Salt Lake City-Murray, UT","SALT LAKE, UT",0.9598
,,"TOOELE, UT",
,,,
41660,"San Angelo, TX","IRION, TX",0.8774
,,"TOM GREEN, TX",
,,,
41700,"San Antonio-New Braunfels, TX","ATASCOSA, TX",0.8526
,,"BANDERA, TX",
,,"BEXAR, TX",
,,"COMAL, TX",
,,"GUADALUPE, TX",
,,"KENDALL, TX",
,,"MEDINA, TX",
,,"WILSON, TX",
,,,
41740,"San Diego-Chula Vista-Carlsbad, CA","SAN DIEGO, CA",1.2301
,,,
41780,"Sandusky, OH","ERIE, OH",0.7940
,,"OTTAWA, OH",
,,,
41884,"San Francisco-San Mateo-Redwood City, CA","SAN FRANCISCO, CA",1.7522
,,"SAN MATEO, CA",
,,,
41940,"San Jose-Sunnyvale-Santa Clara, CA","SAN BENITO, CA",1.8317
,,"SANTA CLARA, CA",
,,,
41980,"San Juan-Bayam�n-Caguas, PR","AGUAS BUENAS, PR",0.3589
,,"AIBONITO, PR",
,,"BARCELONETA, PR",
,,"BARRANQUITAS, PR",
,,"BAYAMON, PR",
,,"CAGUAS, PR",
,,"CANOVANAS, PR",
,,"CAROLINA, PR",
,,"CATANO, PR",
,,"CAYEY, PR",
,,"CEIBA, PR",
,,"CIALES, PR",
,,"CIDRA, PR",
,,"COMERIO, PR",
,,"COROZAL, PR",
,,"DORADO, PR",
,,"FAJARDO, PR",
,,"FLORIDA, PR",
,,"GUAYNABO, PR",
,,"GURABO, PR",
,,"HUMACAO, PR",
,,"JUNCOS, PR",
,,"LAS PIEDRAS, PR",
,,"LOIZA, PR",
,,"LUQUILLO, PR",
,,"MANATI, PR",
,,"MAUNABO, PR",
,,"MOROVIS, PR",
,,"MAGUABO, PR",
,,"NARANJITO, PR",
,,"OROCOVIS, PR",
,,"RIO GRANDE, PR",
,,"SAN JUAN, PR",
,,"SAN LORENZO, PR",
,,"TOA ALTA, PR",
,,"TOA BAJA, PR",
,,"TRUJILLO ALTO, PR",
,,"VEGA ALTA, PR",
,,"VEGA BAJA, PR",
,,"YABUCOA, PR",
,,,
42020,"San Luis Obispo-Paso Robles, CA","SAN LUIS OBISPO, CA",1.2790
,,,
42034,"San Rafael, CA","MARIN, CA",1.6942
,,,
42100,"Santa Cruz-Watsonville, CA","SANTA CRUZ, CA",1.7061
,,,
42140,"Santa Fe, NM","SANTA FE, NM",1.0066
,,,
42200,"Santa Maria-Santa Barbara, CA","SANTA BARBARA, CA",1.2721
,,,
42220,"Santa Rosa-Petaluma, CA","SONOMA, CA",1.6243
,,,
42340,"Savannah, GA","BRYAN, GA",0.8220
,,"CHATHAM, GA",
,,"EFFINGHAM, GA",
,,,
42540,"Scranton--Wilkes-Barre, PA","LACKAWANNA, PA",0.8797
,,"LUZERNE, PA",
,,"WYOMING, PA",
,,,
42644,"Seattle-Bellevue-Kent, WA","KING, WA",1.2566
,,,
42680,"Sebastian-Vero Beach-West Vero Corridor, FL","INDIAN RIVER, FL",1.0152
,,,
42700,"Sebring, FL","HIGHLANDS, FL",0.9382
,,,
43100,"Sheboygan, WI","SHEBOYGAN, WI",0.9382
,,,
43300,"Sherman-Denison, TX","GRAYSON, TX",0.8258
,,,
43340,"Shreveport-Bossier City, LA","BOSSIER, LA",0.8149
,,"CADDO, LA",
,,"DE SOTO, LA",
,,,
43420,"Sierra Vista-Douglas, AZ","COCHISE, AZ",0.8166
,,,
43580,"Sioux City, IA-NE-SD","WOODBURY, IA",0.8657
,,"DAKOTA, NE",
,,"UNION, SD",
,,,
43620,"Sioux Falls, SD-MN","ROCK, MN",0.7942
,,"LINCOLN, SD",
,,"MC COOK, SD",
,,"MINNEHAHA, SD",
,,"TURNER, SD",
,,,
43640,"Slidell-Mandeville-Covington, LA","ST. TAMMANY, LA",0.8210
,,,
43780,"South Bend-Mishawaka, IN-MI","ST. JOSEPH, IN",0.9670
,,"CASS, MI",
,,,
43900,"Spartanburg, SC","SPARTANBURG, SC",0.8368
,,"UNION, SC",
,,,
44060,"Spokane-Spokane Valley, WA","SPOKANE, WA",1.1032
,,"STEVENS, WA",
,,,
44100,"Springfield, IL","MENARD, IL",0.9599
,,"SANGAMON, IL",
,,,
44140,"Springfield, MA","HAMPDEN, MA",0.9905
,,,
44180,"Springfield, MO","CHRISTIAN, MO",0.7952
,,"DALLAS, MO",
,,"GREENE, MO",
,,"POLK, MO",
,,"WEBSTER, MO",
,,,
44220,"Springfield, OH","CLARK, OH",0.9114
,,,
44300,"State College, PA","CENTRE, PA",1.1057
,,,
44420,"Staunton-Stuarts Draft, VA","AUGUSTA, VA",0.8633
,,"STAUNTON CITY, VA",
,,"WAYNESBORO CITY, VA",
,,,
44700,"Stockton-Lodi, CA","SAN JOAQUIN, CA",1.5112
,,,
44940,"Sumter, SC","SUMTER, SC",0.8921
,,,
45060,"Syracuse, NY","MADISON, NY",1.0186
,,"ONONDAGA, NY",
,,"OSWEGO, NY",
,,,
45104,"Tacoma-Lakewood, WA","PIERCE, WA",1.2721
,,,
45220,"Tallahassee, FL","GADSDEN, FL",0.7398
,,"JEFFERSON, FL",
,,"LEON, FL",
,,"WAKULLA, FL",
,,,
45294,"Tampa, FL","HERNANDO, FL",0.8981
,,"HILLSBOROUGH, FL",
,,"PASCO, FL",
,,,
45460,"Terre Haute, IN","CLAY, IN",0.9159
,,"SULLIVAN, IN",
,,"VERMILLION, IN",
,,"VIGO, IN",
,,,
45500,"Texarkana, TX-AR","LITTLE RIVER, AR",0.9197
,,"MILLER, AR",
,,"BOWIE, TX",
,,,
45780,"Toledo, OH","FULTON, OH",0.8907
,,"LUCAS, OH",
,,"WOOD, OH",
,,,
45820,"Topeka, KS","JACKSON, KS",0.8196
,,"JEFFERSON, KS",
,,"OSAGE, KS",
,,"SHAWNEE, KS",
,,"WABAUNSEE, KS",
,,,
45900,"Traverse City, MI","BENZIE, MI",0.8413
,,"GRAND TRAVERSE, MI",
,,"KALKASKA, MI",
,,"LEELANAU, MI",
,,,
45940,"Trenton-Princeton, NJ","MERCER, NJ",1.0307
,,,
46060,"Tucson, AZ","PIMA, AZ",0.8886
,,,
46140,"Tulsa, OK","CREEK, OK",0.8448
,,"OKMULGEE, OK",
,,"OSAGE, OK",
,,"PAWNEE, OK",
,,"ROGERS, OK",
,,"TULSA, OK",
,,"WAGONER, OK",
,,,
46220,"Tuscaloosa, AL","GREENE, AL",0.7863
,,"HALE, AL",
,,"PICKENS, AL",
,,"TUSCALOOSA, AL",
,,,
46300,"Twin Falls, ID","JEROME, ID",0.9347
,,"TWIN FALLS, ID",
,,,
46340,"Tyler, TX","SMITH, TX",0.9099
,,,
46520,"Urban Honolulu, HI","HONOLULU, HI",1.1771
,,,
46540,"Utica-Rome, NY","HERKIMER, NY",0.9113
,,"ONEIDA, NY",
,,,
46660,"Valdosta, GA","BROOKS, GA",0.6916
,,"ECHOLS, GA",
,,"LANIER, GA",
,,"LOWNDES, GA",
,,,
46700,"Vallejo, CA","SOLANO, CA",1.7191
,,,
47020,"Victoria, TX","GOLIAD, TX",0.8505
,,"VICTORIA, TX",
,,,
47220,"Vineland, NJ","CUMBERLAND, NJ",1.0810
,,,
47260,"Virginia Beach-Chesapeake-Norfolk, VA-NC","CAMDEN, NC",0.8942
,,"CURRITUCK, NC",
,,"GATES, NC",
,,"GLOUCESTER, VA",
,,"ISLE OF WIGHT, VA",
,,"JAMES CITY, VA",
,,"MATHEWS, VA",
,,"SURRY, VA",
,,"YORK, VA",
,,"CHESAPEAKE CITY, VA",
,,"HAMPTON CITY, VA",
,,"NEWPORT NEWS CITY, VA",
,,"NORFOLK CITY, VA",
,,"POQUOSON, VA",
,,"PORTSMOUTH CITY, VA",
,,"SUFFOLK CITY, VA",
,,"VIRGINIA BEACH CITY, VA",
,,"WILLIAMSBURG CITY, VA",
,,,
47300,"Visalia, CA","TULARE, CA",0.9591
,,,
47380,"Waco, TX","BOSQUE, TX",0.9448
,,"FALLS, TX",
,,"MC LENNAN, TX",
,,,
47460,"Walla Walla, WA","WALLA WALLA, WA",0.9758
,,,
47580,"Warner Robins, GA","HOUSTON, GA",0.7476
,,"PEACH, GA",
,,,
47664,"Warren-Troy-Farmington Hills, MI","LAPEER, MI",0.8862
,,"LIVINGSTON, MI",
,,"MACOMB, MI",
,,"OAKLAND, MI",
,,"ST. CLAIR, MI",
,,,
47764,"Washington, DC-MD","THE DISTRICT, DC",1.0737
,,"CHARLES, MD",
,,"PRINCE GEORGES, MD",
,,,
47930,"Waterbury-Shelton, CT","NAUGATUCK VALLEY, CT",0.9586
,,,
47940,"Waterloo-Cedar Falls, IA","BLACK HAWK, IA",0.8080
,,"BREMER, IA",
,,"GRUNDY, IA",
,,,
48060,"Watertown-Fort Drum, NY","JEFFERSON, NY",0.8520
,,,
48140,"Wausau, WI","MARATHON, WI",0.8798
,,,
48260,"Weirton-Steubenville, WV-OH","JEFFERSON, OH",0.7286
,,"BROOKE, WV",
,,"HANCOCK, WV",
,,,
48300,"Wenatchee-East Wenatchee, WA","CHELAN, WA",1.0076
,,"DOUGLAS, WA",
,,,
48424,"West Palm Beach-Boca Raton-Delray Beach, FL","PALM BEACH, FL",0.9189
,,,
48540,"Wheeling, WV-OH","BELMONT, OH",0.7479
,,"MARSHALL, WV",
,,"OHIO, WV",
,,,
48620,"Wichita, KS","BUTLER, KS",0.8348
,,"HARVEY, KS",
,,"SEDGWICK, KS",
,,"SUMNER, KS",
,,,
48660,"Wichita Falls, TX","ARCHER, TX",0.9080
,,"CLAY, TX",
,,"WICHITA, TX",
,,,
48680,"Wildwood-The Villages, FL","SUMTER, FL",0.9601
,,,
48700,"Williamsport, PA","LYCOMING, PA",0.8077
,,,
48864,"Wilmington, DE-MD-NJ","NEW CASTLE, DE",1.0868
,,"CECIL, MD",
,,"SALEM, NJ",
,,,
48900,"Wilmington, NC","BRUNSWICK, NC",0.9865
,,"NEW HANOVER, NC",
,,"PENDER, NC",
,,,
49020,"Winchester, VA-WV","FREDERICK, VA",0.9496
,,"WINCHESTER CITY, VA",
,,"HAMPSHIRE, WV",
,,,
49180,"Winston-Salem, NC","DAVIDSON, NC",0.9296
,,"DAVIE, NC",
,,"FORSYTH, NC",
,,"STOKES, NC",
,,"YADKIN, NC",
,,,
49340,"Worcester, MA","WORCESTER, MA",0.9981
,,,
49420,"Yakima, WA","YAKIMA, WA",0.9201
,,,
49620,"York-Hanover, PA","YORK, PA",0.9375
,,,
49660,"Youngstown-Warren, OH","MAHONING, OH",0.8631
,,"TRUMBULL, OH",
,,,
49700,"Yuba City, CA","SUTTER, CA",1.3084
,,"YUBA, CA",
,,,
49740,"Yuma, AZ","YUMA, AZ",0.9517
,,,
,,,
"1The actual wage index for an individual provider may be higher for FY 2025, as determined by the 5% limit on decreases for any provider from its final FY 2024 wage index value.",,,
"2At this time, there are no hospitals located in this urban area on which to base a wage index. ",,,
